{
    "n_estimators": 200,
    "features": [
        "len_url",
        "count_dash",
        "count_dot",
        "count_slash",
        "num_digits",
        "num_letters",
        "has_https",
        "has_at",
        "double_slash",
        "has_query",
        "has_equals",
        "has_login",
        "has_secure",
        "has_update",
        "has_account",
        "has_bank"
    ],
    "feature_importance": [
        0.12541616069316822,
        0.04777940700292537,
        0.2078101328600451,
        0.28541323506486765,
        0.10017874339963459,
        0.12532158808967903,
        0.03525736648645824,
        0.00085970281701029,
        0.0038579020309956274,
        0.019221106703145207,
        0.01934113154826486,
        0.018853187287090182,
        0.0031606603947400285,
        0.0021193594830538095,
        0.0026860324701950444,
        0.0027242836687267867
    ]
}